days,count
1214092800,2
1219449600,2
1226793600,3
1229040000,3
1231286400,1
1240358400,2
1241740800,2
1241913600,2
1242000000,3
1242172800,2
1242777600,1
1244419200,2
1245801600,1
1252972800,1
1253664000,1
1253836800,2
1256083200,1
1256601600,1
1257984000,1
1258156800,1
1258243200,1
1258329600,1
1259107200,1
1260144000,3
1260230400,1
1260316800,4
1260403200,1
1260748800,1
1260835200,2
1261180800,1
1261267200,2
1261440000,1
1262476800,1
1262563200,1
1262822400,2
1263081600,1
1263254400,1
1263340800,1
1263427200,1
1263600000,1
1263686400,2
1263772800,1
1264032000,2
1264118400,1
1264291200,2
1264723200,2
1264809600,1
1264896000,3
1265068800,4
1265155200,1
1265414400,2
1265500800,3
1265587200,2
1265760000,1
1265846400,1
1266019200,1
1266105600,5
1266537600,1
1266624000,1
1266710400,2
1266969600,1
1267056000,1
1267142400,2
1267315200,4
1267401600,2
1267488000,1
1267574400,1
1267660800,2
1267747200,2
1267833600,1
1267920000,2
1268006400,2
1268092800,3
1268179200,2
1268524800,1
1268611200,9
1268697600,4
1268784000,8
1268870400,4
1269043200,3
1269129600,2
1269216000,2
1269475200,1
1269648000,2
1269734400,4
1269820800,2
1270166400,5
1270339200,1
1270425600,1
1271548800,2
1271808000,2
1271894400,4
1273190400,4
1273276800,2
1273708800,2
1273881600,2
1274400000,1
1274832000,2
1274918400,2
1275004800,11
1275091200,2
1275177600,4
1275264000,8
1275350400,3
1275436800,2
1275523200,2
1275696000,10
1275782400,6
1275868800,1
1276214400,12
1276300800,18
1276387200,9
1278028800,1
1278374400,3
1279670400,6
1279756800,3
1279843200,4
1280361600,1
1280620800,1
1280880000,1
1280966400,2
1281052800,8
1281139200,2
1281225600,3
1281398400,1
1281484800,1
1281571200,2
1281744000,1
1281916800,4
1282003200,3
1282521600,2
1282953600,3
1284249600,2
1284508800,1
1284595200,1
1284854400,2
1284940800,2
1285027200,1
1287532800,2
1287792000,7
1287964800,1
1288051200,3
1288137600,1
1288396800,7
1288483200,5
1288569600,7
1288656000,3
1289088000,3
1290038400,2
1291680000,3
1292198400,1
1294012800,2
1294099200,2
1294185600,6
1294272000,8
1294358400,1
1294531200,4
1294617600,3
1294704000,2
1294876800,2
1294963200,1
1295049600,3
1295136000,2
1295308800,2
1296086400,6
1296172800,6
1296259200,4
1296345600,1
1296432000,1
1296518400,2
1296604800,2
1296777600,1
1296950400,3
1297123200,1
1297468800,1
1297555200,5
1297641600,1
1297814400,2
1298073600,1
1298160000,7
1298246400,2
1298332800,3
1298592000,2
1299110400,1
1299196800,1
1299283200,1
1299369600,3
1299542400,3
1299715200,1
1299888000,1
1300060800,1
1300406400,1
1300838400,2
1300924800,3
1301011200,2
1301097600,1
1301270400,1
1301529600,4
1301616000,1
1301788800,6
1301875200,6
1302048000,4
1302220800,1
1302393600,1
1302480000,3
1302912000,1
1302998400,1
1303084800,2
1303257600,1
1303344000,2
1303430400,2
1303516800,7
1303603200,2
1303689600,1
1303776000,1
1304035200,4
1304121600,1
1304208000,5
1304294400,1
1304726400,2
1304812800,3
1304899200,3
1305244800,4
1305331200,5
1305417600,3
1305590400,5
1305763200,1
1305849600,1
1305936000,1
1306022400,9
1306108800,1
1306800000,3
1306972800,1
1307059200,1
1307145600,4
1307232000,2
1307318400,1
1307404800,1
1307577600,1
1307664000,4
1307750400,5
1307836800,1
1307923200,3
1308009600,1
1308096000,5
1308182400,4
1308441600,6
1308528000,6
1309046400,5
1309132800,2
1309305600,1
1309651200,2
1309996800,1
1310083200,1
1310256000,2
1310342400,1
1310774400,1
1310947200,1
1311120000,1
1311206400,2
1311292800,9
1311379200,2
1311465600,10
1311552000,10
1311724800,11
1311811200,1
1311897600,5
1311984000,10
1312070400,3
1312156800,2
1312243200,2
1312329600,1
1312416000,4
1312675200,3
1312761600,1
1312848000,2
1312934400,2
1313020800,2
1313366400,4
1313452800,5
1313625600,3
1313712000,4
1313798400,1
1314230400,1
1314489600,5
1315094400,5
1315526400,1
1315612800,1
1316390400,2
1316476800,11
1316736000,3
1316822400,8
1316908800,1
1316995200,2
1317081600,1
1317686400,1
1317772800,1
1317945600,8
1318032000,1
1318118400,1
1318204800,1
1318377600,2
1318464000,1
1318896000,2
1319068800,2
1319155200,4
1319241600,5
1319328000,4
1319500800,1
1319587200,1
1319673600,5
1319760000,1
1319846400,2
1319932800,5
1320019200,1
1320105600,2
1320192000,6
1320278400,1
1320364800,8
1320451200,1
1320537600,3
1320624000,1
1320710400,2
1320796800,1
1320883200,4
1321056000,4
1321228800,2
1321315200,4
1321488000,3
1321574400,3
1321660800,4
1321747200,3
1321833600,1
1321920000,2
1322092800,3
1322179200,10
1322265600,3
1322352000,3
1322438400,1
1322524800,15
1322611200,8
1322697600,6
1322870400,2
1322956800,3
1323043200,1
1323129600,4
1323302400,1
1323388800,2
1323475200,1
1323561600,3
1323648000,9
1323734400,3
1324080000,2
1324166400,11
1324252800,1
1324425600,4
1324512000,6
1324598400,2
1324684800,2
1324771200,3
1324944000,11
1325116800,4
1325203200,9
1325289600,14
1325376000,1
1325462400,8
1325548800,2
1325635200,1
1325721600,1
1325894400,3
1325980800,7
1326067200,1
1326153600,1
1326240000,1
1326326400,7
1326412800,7
1326499200,2
1326585600,22
1326672000,2
1326758400,3
1327104000,4
1327190400,13
1327276800,1
1327622400,2
1327708800,5
1327795200,13
1327881600,1
1328054400,2
1328140800,1
1328227200,1
1328313600,2
1328400000,12
1328486400,7
1328659200,4
1328745600,6
1328832000,1
1328918400,7
1329004800,16
1329091200,6
1329350400,1
1329436800,7
1329523200,3
1329609600,3
1329696000,4
1329782400,1
1330041600,4
1330128000,2
1330387200,3
1330819200,1
1331337600,4
1331424000,2
1331510400,1
1331596800,1
1331683200,6
1331769600,2
1331856000,3
1331942400,3
1332028800,3
1332115200,5
1332201600,3
1332288000,2
1332374400,7
1332460800,3
1332633600,1
1332720000,8
1332892800,3
1333065600,3
1333152000,4
1333238400,8
1333411200,1
1333497600,2
1333584000,6
1333670400,8
1333756800,4
1333843200,3
1333929600,3
1334016000,4
1334102400,2
1334188800,2
1334275200,4
1334361600,6
1334448000,5
1334534400,4
1334620800,1
1334707200,3
1334793600,1
1334880000,4
1334966400,6
1335225600,1
1335312000,3
1335657600,2
1335830400,2
1336003200,5
1336089600,5
1336176000,7
1336262400,8
1336348800,1
1336435200,2
1336521600,7
1336608000,4
1336694400,2
1336780800,10
1336867200,7
1337126400,8
1337212800,3
1337299200,4
1337472000,7
1337558400,1
1337644800,3
1337731200,1
1337904000,1
1337990400,2
1338076800,13
1338163200,5
1338336000,11
1338422400,1
1338595200,8
1338681600,7
1338768000,4
1338940800,4
1339027200,1
1339200000,1
1339286400,2
1339372800,1
1339459200,4
1339545600,2
1339632000,3
1339718400,1
1339804800,1
1339891200,1
1339977600,3
1340064000,9
1340150400,2
1340236800,7
1340323200,6
1340409600,5
1340496000,8
1340582400,3
1340668800,1
1340755200,1
1340841600,4
1341014400,3
1341100800,3
1341187200,3
1341360000,1
1341619200,1
1341705600,6
1341792000,9
1341878400,7
1341964800,13
1342051200,3
1342137600,1
1342224000,3
1342310400,5
1342396800,5
1342483200,4
1342569600,5
1342656000,11
1342742400,6
1342828800,1
1342915200,3
1343001600,4
1343088000,7
1343174400,11
1343260800,4
1343347200,2
1343433600,7
1343520000,17
1343606400,18
1343692800,2
1343779200,2
1343865600,7
1343952000,7
1344038400,7
1344124800,12
1344211200,5
1344297600,1
1344384000,4
1344470400,3
1344643200,4
1344729600,4
1344816000,4
1344902400,2
1344988800,1
1345075200,13
1345161600,2
1345248000,1
1345334400,18
1345420800,7
1345507200,4
1345593600,5
1345680000,2
1345766400,9
1345939200,4
1346025600,10
1346112000,1
1346284800,5
1346371200,3
1346544000,4
1346630400,5
1346716800,1
1346803200,1
1346889600,3
1346976000,2
1347062400,25
1347148800,4
1347235200,5
1347321600,10
1347408000,10
1347494400,9
1347580800,3
1347667200,4
1347753600,7
1347840000,4
1347926400,4
1348099200,2
1348185600,5
1348272000,7
1348358400,16
1348444800,2
1348531200,1
1348617600,6
1348704000,6
1348790400,12
1348876800,6
1348963200,7
1349136000,10
1349222400,3
1349308800,4
1349395200,7
1349481600,5
1349568000,6
1349740800,5
1349913600,7
1350000000,10
1350086400,2
1350172800,4
1350259200,11
1350345600,6
1350432000,1
1350518400,4
1350604800,11
1350691200,12
1350777600,3
1350950400,4
1351036800,9
1351123200,4
1351209600,11
1351555200,3
1351641600,3
1351728000,8
1351900800,2
1351987200,7
1352073600,5
1352160000,1
1352246400,2
1352332800,6
1352419200,3
1352505600,2
1352592000,8
1352678400,3
1352764800,2
1352851200,8
1352937600,6
1353024000,6
1353110400,8
1353196800,19
1353369600,6
1353456000,5
1353542400,16
1353628800,4
1353715200,7
1353801600,10
1353888000,13
1353974400,9
1354060800,6
1354147200,1
1354233600,6
1354320000,10
1354406400,15
1354492800,2
1354665600,4
1354752000,7
1354838400,7
1354924800,14
1355011200,10
1355097600,1
1355184000,10
1355270400,1
1355443200,6
1355529600,8
1355616000,3
1355702400,4
1355788800,2
1355875200,10
1355961600,3
1356134400,1
1356220800,9
1356307200,2
1356393600,10
1356480000,12
1356566400,2
1356652800,3
1356739200,10
1356912000,12
1356998400,3
1357084800,1
1357171200,4
1357257600,2
1357344000,6
1357430400,10
1357603200,15
1357689600,5
1357862400,6
1357948800,5
1358035200,8
1358208000,2
1358294400,3
1358380800,2
1358467200,4
1358553600,8
1358640000,12
1358726400,16
1358812800,12
1358899200,8
1358985600,2
1359072000,8
1359158400,18
1359244800,23
1359331200,8
1359417600,3
1359504000,2
1359590400,5
1359676800,1
1359763200,2
1359849600,6
1360022400,4
1360195200,3
1360281600,1
1360368000,3
1360454400,5
1360540800,1
1360627200,3
1360800000,1
1360886400,3
1360972800,9
1361059200,2
1361145600,5
1361232000,5
1361318400,1
1361404800,8
1361491200,1
1361577600,5
1361664000,4
1361750400,3
1361836800,3
1361923200,2
1362009600,2
1362096000,1
1362182400,2
1362268800,5
1362355200,6
1362441600,5
1362528000,7
1362614400,8
1362700800,1
1362787200,7
1362873600,8
1362960000,5
1363046400,1
1363392000,19
1363478400,34
1363564800,14
1363651200,1
1363737600,11
1363824000,6
1363910400,6
1363996800,15
1364083200,3
1364169600,2
1364256000,1
1364342400,8
1364428800,2
1364515200,6
1364688000,3
1364947200,4
1365033600,2
1365206400,6
1365292800,18
1365379200,10
1365465600,4
1365552000,3
1365638400,8
1365724800,8
1365811200,13
1365897600,11
1365984000,5
1366070400,4
1366156800,3
1366243200,9
1366329600,2
1366416000,4
1366502400,14
1366588800,6
1366675200,5
1366761600,1
1366848000,4
1366934400,10
1367020800,12
1367107200,10
1367193600,7
1367280000,12
1367366400,9
1367452800,13
1367539200,7
1367625600,12
1367712000,6
1367798400,2
1367884800,4
1367971200,4
1368057600,2
1368144000,6
1368230400,11
1368316800,10
1368403200,3
1368489600,7
1368576000,3
1368662400,3
1368835200,11
1368921600,22
1369008000,27
1369094400,10
1369180800,8
1369267200,18
1369353600,8
1369440000,10
1369526400,19
1369612800,34
1369699200,21
1369872000,8
1369958400,6
1370044800,3
1370131200,10
1370217600,4
1370304000,16
1370390400,5
1370476800,7
1370563200,10
1370649600,5
1370736000,12
1370822400,11
1370908800,11
1370995200,3
1371081600,4
1371168000,2
1371254400,1
1371340800,6
1371513600,3
1371600000,2
1371686400,1
1371772800,14
1371859200,9
1371945600,2
1372032000,4
1372118400,14
1372204800,10
1372291200,30
1372377600,8
1372464000,3
1372550400,16
1372636800,26
1372723200,10
1372809600,3
1372896000,4
1372982400,8
1373068800,12
1373155200,6
1373328000,4
1373587200,1
1373673600,3
1373760000,1
1373846400,4
1373932800,4
1374019200,4
1374105600,3
1374192000,5
1374278400,2
1374364800,1
1374624000,7
1374710400,9
1374796800,8
1374883200,4
1374969600,5
1375056000,2
1375142400,4
1375228800,8
1375401600,3
1375488000,1
1375574400,7
1375660800,35
1375747200,11
1375833600,1
1375920000,3
1376179200,3
1376352000,3
1376438400,1
1376611200,1
1376784000,19
1376870400,2
1376956800,2
1377043200,1
1377129600,10
1377216000,4
1377302400,3
1377388800,3
1377475200,6
1377561600,1
1377648000,5
1377734400,1
1377820800,13
1377907200,12
1377993600,7
1378080000,4
1378166400,7
1378252800,3
1378339200,4
1378425600,2
1378512000,1
1378598400,2
1378684800,6
1378771200,22
1378857600,2
1378944000,1
1379116800,5
1379203200,4
1379376000,4
1379462400,5
1379548800,1
1379635200,4
1379721600,4
1379808000,5
1379980800,12
1380067200,5
1380153600,9
1380240000,4
1380326400,15
1380412800,3
1380499200,1
1380585600,7
1380672000,2
1380758400,5
1380844800,6
1380931200,23
1381017600,22
1381104000,9
1381190400,10
1381276800,24
1381363200,2
1381449600,7
1381536000,13
1381622400,7
1381708800,6
1381795200,19
1381881600,28
1381968000,5
1382054400,3
1382140800,4
1382227200,3
1382313600,10
1382400000,12
1382486400,8
1382572800,13
1382659200,2
1382745600,8
1382832000,8
1382918400,1
1383004800,6
1383091200,26
1383177600,11
1383264000,5
1383350400,11
1383436800,7
1383523200,5
1383609600,2
1383696000,4
1383782400,10
1383868800,14
1383955200,2
1384041600,1
1384300800,6
1384387200,4
1384473600,3
1384560000,9
1384646400,7
1384732800,2
1384819200,12
1384992000,3
1385078400,1
1385164800,3
1385251200,5
1385337600,2
1385424000,16
1385510400,9
1385596800,3
1385683200,16
1385769600,12
1385856000,22
1385942400,11
1386028800,32
1386115200,18
1386201600,42
1386288000,12
1386374400,21
1386460800,18
1386547200,64
1386633600,10
1386720000,6
1386806400,10
1386892800,6
1386979200,9
1387065600,13
1387152000,6
1387238400,9
1387324800,13
1387411200,14
1387497600,27
1387584000,29
1387670400,31
1387756800,19
1387843200,15
1387929600,20
1388016000,2
1388102400,10
1388188800,21
1388275200,11
1388361600,33
1388448000,11
1388534400,5
1388620800,2
1388793600,7
1388880000,3
1388966400,5
1389052800,5
1389139200,3
1389398400,4
1389484800,10
1389571200,17
1389657600,6
1389744000,15
1389830400,3
1389916800,6
1390003200,7
1390089600,12
1390176000,12
1390262400,14
1390348800,9
1390435200,12
1390521600,5
1390608000,16
1390694400,7
1390780800,13
1390953600,4
1391040000,2
1391126400,1
1391212800,28
1391299200,31
1391385600,15
1391472000,5
1391558400,5
1391644800,7
1391731200,7
1391817600,6
1391904000,25
1391990400,16
1392076800,15
1392163200,21
1392249600,9
1392336000,13
1392422400,16
1392508800,20
1392595200,25
1392681600,17
1392768000,5
1392854400,9
1392940800,4
1393027200,23
1393113600,10
1393200000,17
1393286400,9
1393372800,1
1393459200,11
1393545600,5
1393632000,9
1393718400,23
1393804800,7
1393891200,20
1393977600,12
1394064000,22
1394150400,13
1394236800,14
1394323200,25
1394409600,14
1394496000,6
1394582400,12
1394668800,10
1394755200,5
1394841600,3
1394928000,38
1395014400,10
1395100800,6
1395187200,4
1395273600,18
1395360000,14
1395446400,50
1395532800,17
1395619200,5
1395705600,27
1395792000,16
1395878400,22
1395964800,8
1396051200,14
1396137600,7
1396224000,11
1396310400,6
1396396800,10
1396483200,12
1396569600,3
1396656000,17
1396742400,35
1396828800,10
1396915200,13
1397001600,8
1397088000,7
1397174400,10
1397260800,18
1397347200,30
1397433600,2
1397520000,30
1397606400,17
1397692800,7
1397779200,5
1397865600,15
1397952000,38
1398038400,42
1398124800,16
1398211200,2
1398297600,1
1398384000,3
1398470400,11
1398556800,5
1398643200,5
1398729600,14
1398816000,6
1398902400,14
1398988800,2
1399075200,11
1399161600,8
1399248000,24
1399334400,40
1399420800,10
1399507200,6
1399593600,14
1399680000,9
1399766400,2
1399852800,11
1399939200,10
1400025600,16
1400112000,10
1400198400,11
1400284800,1
1400371200,6
1400457600,6
1400544000,26
1400630400,13
1400716800,4
1400803200,9
1400889600,20
1400976000,27
1401062400,18
1401148800,10
1401235200,4
1401321600,12
1401408000,19
1401494400,22
1401580800,17
1401667200,10
1401753600,16
1401840000,2
1401926400,6
1402012800,12
1402099200,1
1402185600,10
1402272000,3
1402358400,6
1402444800,4
1402531200,21
1402617600,17
1402704000,21
1402790400,15
1402876800,17
1402963200,13
1403049600,6
1403136000,2
1403222400,21
1403308800,13
1403395200,21
1403481600,6
1403568000,3
1403654400,11
1403740800,24
1403827200,43
1403913600,42
1404000000,28
1404086400,33
1404172800,19
1404259200,6
1404345600,7
1404432000,12
1404518400,29
1404604800,11
1404691200,3
1404777600,8
1404864000,12
1404950400,30
1405036800,12
1405123200,14
1405209600,25
1405296000,11
1405382400,22
1405468800,6
1405555200,6
1405641600,19
1405728000,29
1405814400,29
1405900800,11
1405987200,22
1406073600,19
1406160000,9
1406246400,5
1406332800,22
1406419200,20
1406505600,13
1406592000,7
1406678400,10
1406764800,14
1406851200,12
1406937600,33
1407024000,24
1407110400,12
1407196800,57
1407283200,24
1407369600,34
1407456000,28
1407542400,10
1407628800,13
1407715200,9
1407801600,13
1407888000,23
1407974400,34
1408060800,23
1408147200,20
1408233600,17
1408406400,14
1408492800,18
1408579200,6
1408665600,8
1408752000,1
1408838400,1
1408924800,8
1409011200,12
1409097600,13
1409184000,21
1409270400,9
1409356800,31
1409443200,36
1409529600,3
1409616000,4
1409702400,11
1409788800,11
1409875200,11
1409961600,19
1410048000,9
1410134400,17
1410220800,18
1410307200,12
1410393600,8
1410480000,11
1410566400,6
1410652800,8
1410739200,4
1410825600,9
1410912000,13
1410998400,18
1411084800,5
1411257600,7
1411344000,2
1411430400,4
1411516800,3
1411603200,1
1411689600,10
1411776000,7
1411862400,5
1412035200,3
1412121600,10
1412208000,13
1412294400,8
1412380800,64
1412467200,29
1412553600,12
1412640000,4
1412726400,1
1412812800,1
1412899200,5
1412985600,19
1413072000,20
1413158400,2
1413244800,10
1413331200,8
1413417600,4
1413504000,16
1413590400,18
1413676800,30
1413763200,11
1413849600,23
1413936000,2
1414022400,12
1414108800,8
1414195200,13
1414281600,9
1414368000,13
1414454400,9
1414540800,27
1414627200,11
1414713600,15
1414800000,11
1414886400,31
1414972800,32
1415059200,17
1415145600,17
1415232000,30
1415318400,13
1415404800,29
1415491200,24
1415577600,35
1415664000,23
1415750400,33
1415836800,15
1415923200,27
1416009600,19
1416096000,22
1416182400,15
1416268800,3
1416355200,10
1416441600,7
1416528000,11
1416614400,6
1416700800,10
1416787200,5
1416873600,2
1417046400,8
1417132800,13
1417219200,21
1417305600,9
1417392000,24
1417478400,11
1417564800,8
1417651200,5
1417737600,15
1417824000,7
1417910400,52
1417996800,22
1418083200,6
1418169600,23
1418256000,30
1418342400,10
1418428800,5
1418515200,13
1418601600,30
1418688000,28
1418774400,14
1418860800,8
1418947200,17
1419033600,17
1419120000,11
1419206400,11
1419292800,9
1419379200,16
1419465600,18
1419552000,44
1419638400,22
1419724800,19
1419811200,32
1419897600,47
1419984000,17
1420070400,33
1420156800,78
1420243200,49
1420329600,33
1420416000,64
1420502400,40
1420588800,36
1420675200,45
1420761600,24
1420848000,102
1420934400,64
1421020800,54
1421107200,44
1421193600,28
1421280000,33
1421366400,24
1421452800,83
1421539200,97
1421625600,75
1421712000,10
1421798400,22
1421884800,24
1421971200,26
1422057600,22
1422144000,8
1422230400,13
1422316800,47
1422403200,25
1422489600,27
1422576000,21
1422662400,48
1422748800,38
1422835200,18
1422921600,32
1423008000,51
1423094400,9
1423180800,37
1423267200,53
1423353600,33
1423440000,38
1423526400,32
1423612800,24
1423699200,30
1423785600,24
1423872000,35
1423958400,51
1424044800,47
1424131200,44
1424217600,34
1424304000,43
1424390400,64
1424476800,53
1424563200,44
1424649600,41
1424736000,65
1424822400,32
1424908800,46
1424995200,66
1425081600,51
1425168000,60
1425254400,35
1425340800,46
1425427200,59
1425513600,49
1425600000,38
1425686400,56
1425772800,79
1425859200,37
1425945600,18
1426032000,17
1426118400,46
1426204800,32
1426291200,26
1426377600,37
1426464000,54
1426550400,68
1426636800,15
1426723200,6
1426809600,11
1426896000,44
1426982400,35
1427068800,22
1427155200,35
1427241600,44
1427328000,27
1427414400,38
1427500800,20
1427587200,15
1427673600,19
1427760000,23
1427846400,16
1427932800,11
1428019200,32
1428105600,32
1428192000,35
1428278400,30
1428364800,20
1428451200,23
1428537600,54
1428624000,66
1428710400,66
1428796800,49
1428883200,16
1428969600,9
1429056000,9
1429142400,3
1429228800,14
1429315200,7
1429401600,21
1429488000,14
1429574400,36
1429660800,28
1429747200,9
1429833600,40
1429920000,23
1430006400,38
1430092800,17
1430179200,10
1430265600,22
1430352000,40
1430438400,41
1430524800,46
1430611200,32
1430697600,40
1430784000,21
1430870400,49
1430956800,46
1431043200,14
1431129600,5
1431216000,14
1431302400,15
1431388800,37
1431475200,47
1431561600,20
1431648000,23
1431734400,34
1431820800,92
1431907200,30
1431993600,64
1432080000,45
1432166400,32
1432252800,34
1432339200,38
1432425600,37
1432512000,44
1432598400,76
1432684800,29
1432771200,57
1432857600,17
1432944000,25
1433030400,104
1433116800,55
1433203200,39
1433289600,69
1433376000,87
1433462400,57
1433548800,30
1433635200,60
1433721600,64
1433808000,61
1433894400,136
1433980800,28
1434067200,50
1434153600,35
1434240000,29
1434326400,50
1434412800,87
1434499200,108
1434585600,64
1434672000,37
1434758400,35
1434844800,48
1434931200,14
1435017600,28
1435104000,39
1435190400,45
1435276800,38
1435363200,7
1435449600,28
1435536000,16
1435622400,26
1435708800,40
1435795200,74
1435881600,28
1435968000,20
1436054400,17
1436140800,30
1436227200,35
1436313600,46
1436400000,46
1436486400,56
1436572800,42
1436659200,34
1436745600,36
1436832000,22
1436918400,19
1437004800,26
1437091200,38
1437177600,23
1437264000,8
1437350400,27
1437436800,41
1437523200,12
1437609600,18
1437696000,24
1437782400,31
1437868800,22
1437955200,31
1438041600,10
1438128000,16
1438214400,22
1438300800,16
1438387200,11
1438473600,49
1438560000,26
1438646400,28
1438732800,11
1438819200,6
1438905600,17
1438992000,7
1439078400,40
1439164800,5
1439251200,5
1439337600,29
1439424000,23
1439510400,30
1439596800,14
1439683200,14
1439769600,41
1439856000,34
1439942400,27
1440028800,51
1440115200,47
1440201600,37
1440288000,46
1440374400,30
1440460800,30
1440547200,66
1440633600,48
1440720000,32
1440806400,18
1440892800,20
1440979200,42
1441065600,31
1441152000,10
1441238400,25
1441324800,33
1441411200,38
1441497600,34
1441584000,52
1441670400,55
1441756800,44
1441843200,53
1441929600,25
1442016000,27
1442102400,41
1442188800,40
1442275200,48
1442361600,47
1442448000,40
1442534400,46
1442620800,18
1442707200,46
1442793600,59
1442880000,41
1442966400,61
1443052800,42
1443139200,82
1443225600,11
1443312000,24
1443398400,64
1443484800,63
1443571200,51
1443657600,37
1443744000,22
1443830400,32
1443916800,31
1444003200,23
1444089600,43
1444176000,53
1444262400,25
1444348800,13
1444435200,19
1444521600,8
1444608000,26
1444694400,20
1444780800,27
1444867200,31
1444953600,30
1445040000,22
1445126400,7
1445212800,25
1445299200,20
1445385600,24
1445472000,35
1445558400,9
1445644800,5
1445731200,18
1445817600,13
1445904000,20
1445990400,19
1446076800,13
1446163200,32
1446249600,7
1446336000,9
1446422400,10
1446508800,18
1446595200,16
1446681600,26
1446768000,17
1446854400,37
1446940800,38
1447027200,25
1447113600,33
1447200000,16
1447286400,34
1447372800,61
1447459200,20
1447545600,35
1447632000,10
1447718400,28
1447804800,52
1447891200,25
1447977600,26
1448064000,24
1448150400,23
1448236800,66
1448323200,43
1448409600,28
1448496000,49
1448582400,17
1448668800,35
1448755200,38
1448841600,57
1448928000,76
1449014400,22
1449100800,37
1449187200,12
1449273600,16
1449360000,12
1449446400,31
1449532800,25
1449619200,32
1449705600,30
1449792000,24
1449878400,15
1449964800,40
1450051200,51
1450137600,41
1450224000,30
1450310400,22
1450396800,19
1450483200,9
1450569600,10
1450656000,46
1450742400,46
1450828800,44
1450915200,31
1451001600,7
1451088000,52
1451174400,29
1451260800,72
1451347200,99
1451433600,99
1451520000,33
1451606400,30
1451692800,49
1451779200,20
1451865600,59
1451952000,57
1452038400,38
1452124800,39
1452211200,32
1452297600,10
1452384000,29
1452470400,36
1452556800,32
1452643200,42
1452729600,34
1452816000,11
1452902400,31
1452988800,43
1453075200,57
1453161600,57
1453248000,23
1453334400,31
1453420800,31
1453507200,35
1453593600,59
1453680000,27
1453766400,50
1453852800,35
1453939200,45
1454025600,40
1454112000,62
1454198400,34
1454284800,22
1454371200,31
1454457600,33
1454544000,64
1454630400,43
1454716800,76
1454803200,36
1454889600,29
1454976000,26
1455062400,56
1455148800,31
1455235200,32
1455321600,13
1455408000,19
1455494400,83
1455580800,54
1455667200,35
1455753600,33
1455840000,23
1455926400,51
1456012800,24
1456099200,32
1456185600,52
1456272000,50
1456358400,48
1456444800,34
1456531200,8
1456617600,20
1456704000,33
1456790400,36
1456876800,39
1456963200,25
1457049600,39
1457136000,32
1457222400,17
1457308800,54
1457395200,33
1457481600,37
1457568000,58
1457654400,42
1457740800,17
1457827200,7
1457913600,34
1458000000,45
1458086400,44
1458172800,26
1458259200,34
1458345600,16
1458432000,36
1458518400,21
1458604800,17
1458691200,40
1458777600,16
1458864000,60
1458950400,35
1459036800,34
1459123200,31
1459209600,59
1459296000,22
1459382400,41
1459468800,29
1459555200,30
1459641600,22
1459728000,52
1459814400,77
1459900800,37
1459987200,37
1460073600,46
1460160000,15
1460246400,18
1460332800,30
1460419200,66
1460505600,48
1460592000,61
1460678400,27
1460764800,12
1460851200,6
1460937600,13
1461024000,32
1461110400,22
1461196800,16
1461283200,12
1461369600,20
1461456000,17
1461542400,24
1461628800,22
1461715200,13
1461801600,13
1461888000,39
1461974400,14
1462060800,6
1462147200,14
1462233600,37
1462320000,19
1462406400,6
1462492800,10
1462579200,10
1462665600,21
1462752000,10
1462838400,32
1462924800,44
1463011200,23
1463097600,61
1463184000,15
1463270400,19
1463356800,27
1463443200,18
1463529600,32
1463616000,29
1463702400,37
1463788800,46
1463875200,37
1463961600,34
1464048000,29
1464134400,46
1464220800,157
1464307200,60
1464393600,28
1464480000,30
1464566400,35
1464652800,67
1464739200,41
1464825600,55
1464912000,46
1464998400,26
1465084800,33
1465171200,63
1465257600,46
1465344000,99
1465430400,26
1465516800,21
1465603200,43
1465689600,17
1465776000,32
1465862400,32
1465948800,50
1466035200,44
1466121600,31
1466208000,15
1466294400,25
1466380800,16
1466467200,29
1466553600,39
1466640000,22
1466726400,30
1466812800,12
1466899200,32
1466985600,89
1467072000,50
1467158400,13
1467244800,19
1467331200,25
1467417600,26
1467504000,14
1467590400,28
1467676800,34
1467763200,41
1467849600,36
1467936000,32
1468022400,17
1468108800,7
1468195200,33
1468281600,29
1468368000,19
1468454400,39
1468540800,38
1468627200,17
1468713600,17
1468800000,31
1468886400,30
1468972800,43
1469059200,35
1469145600,24
1469232000,26
1469318400,22
1469404800,28
1469491200,14
1469577600,18
1469664000,30
1469750400,36
1469836800,36
1469923200,30
1470009600,21
1470096000,52
1470182400,35
1470268800,24
1470355200,52
1470441600,14
1470528000,8
1470614400,41
1470700800,35
1470787200,37
1470873600,38
1470960000,38
1471046400,45
1471132800,55
1471219200,54
1471305600,22
1471392000,38
1471478400,16
1471564800,30
1471651200,40
1471737600,26
1471824000,28
1471910400,51
1471996800,43
1472083200,48
1472169600,34
1472256000,26
1472342400,8
1472428800,39
1472515200,54
1472601600,38
1472688000,43
1472774400,24
1472860800,55
1472947200,25
1473033600,28
1473120000,31
1473206400,39
1473292800,47
1473379200,38
1473465600,25
1473552000,28
1473638400,31
1473724800,79
1473811200,39
1473897600,60
1473984000,28
1474070400,64
1474156800,45
1474243200,69
1474329600,46
1474416000,44
1474502400,36
1474588800,20
1474675200,45
1474761600,28
1474848000,19
1474934400,26
1475020800,29
1475107200,16
1475193600,26
1475280000,30
1475366400,10
1475452800,11
1475539200,32
1475625600,20
1475712000,22
1475798400,29
1475884800,39
1475971200,42
1476057600,27
1476144000,23
1476230400,27
1476316800,26
1476403200,15
1476489600,42
1476576000,19
1476662400,5
1476748800,14
1476835200,11
1476921600,50
1477008000,63
1477094400,43
1477180800,54
1477267200,65
1477353600,38
1477440000,22
1477526400,40
1477612800,24
1477699200,17
1477785600,27
1477872000,51
1477958400,36
1478044800,9
1478131200,16
1478217600,13
1478304000,24
1478390400,46
1478476800,31
1478563200,29
1478649600,16
1478736000,31
1478822400,24
1478908800,30
1478995200,4
1479081600,23
1479168000,22
1479254400,16
1479340800,21
1479427200,28
1479513600,20
1479600000,35
1479686400,26
1479772800,28
1479859200,15
1479945600,44
1480032000,43
1480118400,20
1480204800,44
1480291200,35
1480377600,23
1480464000,41
1480550400,17
1480636800,20
1480723200,26
1480809600,43
1480896000,30
1480982400,34
1481068800,9
1481155200,28
1481241600,15
1481328000,21
1481414400,7
1481500800,16
1481587200,17
1481673600,21
1481760000,31
1481846400,31
1481932800,48
1482019200,26
1482105600,32
1482192000,42
1482278400,40
1482364800,47
1482451200,45
1482537600,27
1482624000,6
1482710400,27
1482796800,33
1482883200,32
1482969600,45
1483056000,24
1483142400,17
1483228800,11
1483315200,45
1483401600,38
1483488000,22
1483574400,16
1483660800,34
1483747200,47
1483833600,57
1483920000,28
1484006400,120
1484092800,38
1484179200,35
1484265600,23
1484352000,13
1484438400,24
1484524800,56
1484611200,25
1484697600,38
1484784000,30
1484870400,58
1484956800,27
1485043200,40
1485129600,31
1485216000,28
1485302400,13
1485388800,44
1485475200,54
1485561600,46
1485648000,44
1485734400,25
1485820800,38
1485907200,32
1485993600,25
1486080000,47
1486166400,15
1486252800,33
1486339200,50
1486425600,41
1486512000,39
1486598400,52
1486684800,48
1486771200,42
1486857600,26
1486944000,42
1487030400,61
1487116800,34
1487203200,84
1487289600,84
1487376000,54
1487462400,35
1487548800,73
1487635200,23
1487721600,23
1487808000,36
1487894400,56
1487980800,51
1488067200,52
1488153600,29
1488240000,51
1488326400,68
1488412800,38
1488499200,45
1488585600,37
1488672000,53
1488758400,55
1488844800,51
1488931200,52
1489017600,33
1489104000,39
1489190400,52
1489276800,48
1489363200,62
1489449600,77
1489536000,30
1489622400,47
1489708800,26
1489795200,34
1489881600,55
1489968000,31
1490054400,71
1490140800,58
1490227200,50
1490313600,94
1490400000,65
1490486400,61
1490572800,40
1490659200,30
1490745600,76
1490832000,66
1490918400,66
1491004800,38
1491091200,57
1491177600,29
1491264000,27
1491350400,65
1491436800,27
1491523200,67
1491609600,38
1491696000,29
1491782400,27
1491868800,29
1491955200,22
1492041600,36
1492128000,45
1492214400,47
1492300800,44
1492387200,31
1492473600,29
1492560000,39
1492646400,43
1492732800,33
1492819200,27
1492905600,30
1492992000,32
1493078400,42
1493164800,36
1493251200,16
1493337600,35
1493424000,7
1493510400,30
1493596800,27
1493683200,26
1493769600,36
1493856000,36
1493942400,45
1494028800,25
1494115200,15
1494201600,72
1494288000,37
1494374400,45
1494460800,23
1494547200,44
1494633600,27
1494720000,14
1494806400,39
1494892800,57
1494979200,76
1495065600,49
1495152000,43
1495238400,25
1495324800,45
1495411200,30
1495497600,100
1495584000,54
1495670400,85
1495756800,57
1495843200,52
1495929600,24
1496016000,42
1496102400,48
1496188800,35
1496275200,35
1496361600,35
1496448000,11
1496534400,37
1496620800,103
1496707200,69
1496793600,46
1496880000,35
1496966400,59
1497052800,39
1497139200,37
1497225600,38
1497312000,44
1497398400,33
1497484800,55
1497571200,48
1497657600,43
1497744000,50
1497830400,17
1497916800,63
1498003200,25
1498089600,22
1498176000,5
1498262400,21
1498348800,16
1498435200,30
1498521600,21
1498608000,23
1498694400,29
1498780800,27
1498867200,41
1498953600,34
1499040000,50
1499126400,24
1499212800,46
1499299200,37
1499385600,18
1499472000,56
1499558400,34
1499644800,31
1499731200,25
1499817600,41
1499904000,32
1499990400,28
1500076800,35
1500163200,41
1500249600,34
1500336000,26
1500422400,13
1500508800,21
1500595200,64
1500681600,28
1500768000,61
1500854400,40
1500940800,43
1501027200,63
1501113600,39
1501200000,35
1501286400,38
1501372800,62
1501459200,78
1501545600,41
1501632000,26
1501718400,44
1501804800,49
1501891200,33
1501977600,41
1502064000,33
1502150400,46
1502236800,75
1502323200,57
1502409600,46
1502496000,38
1502582400,54
1502668800,54
1502755200,66
1502841600,58
1502928000,51
1503014400,25
1503100800,48
1503187200,22
1503273600,25
1503360000,21
1503446400,34
1503532800,29
1503619200,24
1503705600,27
1503792000,64
1503878400,28
1503964800,30
1504051200,30
1504137600,36
1504224000,29
1504310400,37
1504396800,40
1504483200,36
1504569600,44
1504656000,67
1504742400,66
1504828800,49
1504915200,55
1505001600,31
1505088000,35
1505174400,35
1505260800,51
1505347200,75
1505433600,58
1505520000,35
1505606400,45
1505692800,75
1505779200,64
1505865600,77
1505952000,69
1506038400,71
1506124800,88
1506211200,52
1506297600,49
1506384000,68
1506470400,71
1506556800,39
1506643200,51
1506729600,31
1506816000,36
1506902400,33
1506988800,22
1507075200,28
1507161600,57
1507248000,26
1507334400,65
1507420800,47
1507507200,52
1507593600,64
1507680000,68
1507766400,58
1507852800,67
1507939200,70
1508025600,60
1508112000,58
1508198400,59
1508284800,44
1508371200,61
1508457600,50
1508544000,53
1508630400,63
1508716800,66
1508803200,41
1508889600,76
1508976000,55
1509062400,28
1509148800,52
1509235200,75
1509321600,61
1509408000,52
1509494400,77
1509580800,101
1509667200,52
1509753600,66
1509840000,53
1509926400,69
1510012800,71
1510099200,80
1510185600,57
1510272000,36
1510358400,23
1510444800,38
1510531200,70
1510617600,47
1510704000,58
1510790400,49
1510876800,31
1510963200,59
1511049600,37
1511136000,32
1511222400,29
1511308800,54
1511395200,52
1511481600,60
1511568000,40
1511654400,33
1511740800,34
1511827200,60
1511913600,38
1512000000,50
1512086400,68
1512172800,13
1512259200,34
1512345600,26
1512432000,24
1512518400,35
1512604800,59
1512691200,80
1512777600,15
1512864000,21
1512950400,32
1513036800,51
1513123200,59
1513209600,31
1513296000,46
1513382400,37
1513468800,44
1513555200,29
1513641600,33
1513728000,24
1513814400,56
1513900800,37
1513987200,33
1514073600,27
1514160000,11
1514246400,12
1514332800,24
1514419200,26
1514505600,14
1514592000,10
1514678400,18
1514764800,21
1514851200,30
1514937600,46
1515024000,28
1515110400,47
1515196800,38
1515283200,40
1515369600,61
1515456000,49
1515542400,48
1515628800,71
1515715200,63
1515801600,57
1515888000,47
1515974400,50
1516060800,30
1516147200,42
1516233600,46
1516320000,62
1516406400,67
1516492800,42
1516579200,77
1516665600,80
1516752000,31
1516838400,35
1516924800,32
1517011200,41
1517097600,50
1517184000,55
1517270400,92
1517356800,61
1517443200,43
1517529600,38
1517616000,46
1517702400,34
1517788800,45
1517875200,27
1517961600,58
1518048000,34
1518134400,46
1518220800,36
1518307200,60
1518393600,62
1518480000,47
1518566400,54
1518652800,40
1518739200,95
1518825600,91
1518912000,52
1518998400,67
1519084800,58
1519171200,71
1519257600,37
1519344000,57
1519430400,52
1519516800,56
1519603200,54
1519689600,105
1519776000,35
1519862400,56
1519948800,75
1520035200,53
1520121600,62
1520208000,42
1520294400,41
1520380800,46
1520467200,38
1520553600,50
1520640000,52
1520726400,89
1520812800,48
1520899200,78
1520985600,88
1521072000,42
1521158400,66
1521244800,161
1521331200,98
1521417600,53
1521504000,39
1521590400,59
1521676800,75
1521763200,73
1521849600,77
1521936000,25
1522022400,62
1522108800,59
1522195200,97
1522281600,88
1522368000,139
1522454400,58
1522540800,74
1522627200,92
1522713600,87
1522800000,101
1522886400,53
1522972800,91
1523059200,35
1523145600,38
1523232000,51
1523318400,46
1523404800,90
1523491200,80
1523577600,49
1523664000,117
1523750400,43
1523836800,50
1523923200,48
1524009600,82
1524096000,70
1524182400,48
1524268800,55
1524355200,33
1524441600,44
1524528000,104
1524614400,129
1524700800,75
1524787200,38
1524873600,61
1524960000,85
1525046400,85
1525132800,93
1525219200,116
1525305600,72
1525392000,94
1525478400,97
1525564800,98
1525651200,62
1525737600,137
1525824000,164
1525910400,98
1525996800,70
1526083200,57
1526169600,64
1526256000,73
1526342400,61
1526428800,118
1526515200,146
1526601600,85
1526688000,56
1526774400,95
1526860800,127
1526947200,112
1527033600,73
1527120000,80
1527206400,92
1527292800,49
1527379200,106
1527465600,103
1527552000,324
1527638400,136
1527724800,127
1527811200,48
1527897600,64
1527984000,44
1528070400,67
1528156800,57
1528243200,126
1528329600,146
1528416000,75
1528502400,64
1528588800,87
1528675200,87
1528761600,84
1528848000,75
1528934400,116
1529020800,88
1529107200,94
1529193600,56
1529280000,105
1529366400,113
1529452800,131
1529539200,63
1529625600,58
1529712000,63
1529798400,96
1529884800,54
1529971200,137
1530057600,91
1530144000,43
1530230400,88
1530316800,36
1530403200,101
1530489600,65
1530576000,32
1530662400,65
1530748800,70
1530835200,93
1530921600,74
1531008000,135
1531094400,132
1531180800,123
1531267200,88
1531353600,122
1531440000,141
1531526400,113
1531612800,54
1531699200,100
1531785600,116
1531872000,119
1531958400,137
1532044800,116
1532131200,85
1532217600,62
1532304000,97
1532390400,44
1532476800,74
1532563200,78
1532649600,80
1532736000,57
1532822400,54
1532908800,61
1532995200,50
1533081600,54
1533168000,64
1533254400,99
1533340800,102
1533427200,71
1533513600,225
1533600000,97
1533686400,127
1533772800,91
1533859200,85
1533945600,42
1534032000,43
1534118400,89
1534204800,101
1534291200,133
1534377600,167
1534464000,121
1534550400,67
1534636800,31
1534723200,63
1534809600,148
1534896000,73
1534982400,99
1535068800,162
1535155200,84
1535241600,127
1535328000,91
1535414400,63
1535500800,108
1535587200,73
1535673600,87
1535760000,72
1535846400,88
1535932800,168
1536019200,68
1536105600,159
1536192000,112
1536278400,94
1536364800,61
1536451200,80
1536537600,94
1536624000,92
1536710400,104
1536796800,109
1536883200,117
1536969600,126
1537056000,94
1537142400,83
1537228800,118
1537315200,94
1537401600,90
1537488000,92
1537574400,128
1537660800,58
1537747200,95
1537833600,85
1537920000,111
1538006400,93
1538092800,81
1538179200,85
1538265600,99
1538352000,114
1538438400,127
1538524800,164
1538611200,95
1538697600,139
1538784000,75
1538870400,162
1538956800,175
1539043200,202
1539129600,166
1539216000,142
1539302400,234
1539388800,196
1539475200,187
1539561600,131
1539648000,229
1539734400,177
1539820800,159
1539907200,141
1539993600,91
1540080000,146
1540166400,148
1540252800,115
1540339200,85
1540425600,120
1540512000,109
1540598400,148
1540684800,110
1540771200,74
1540857600,110
1540944000,76
1541030400,61
1541116800,71
1541203200,126
1541289600,110
1541376000,93
1541462400,95
1541548800,124
1541635200,111
1541721600,55
1541808000,181
1541894400,74
1541980800,90
1542067200,117
1542153600,89
1542240000,121
1542326400,56
1542412800,112
1542499200,76
1542585600,137
1542672000,94
1542758400,67
1542844800,134
1542931200,63
1543017600,91
1543104000,36
1543190400,118
1543276800,106
1543363200,95
1543449600,83
1543536000,107
1543622400,265
1543708800,95
1543795200,85
1543881600,127
1543968000,117
1544054400,80
1544140800,57
1544227200,71
1544313600,116
1544400000,72
1544486400,119
1544572800,130
1544659200,83
1544745600,49
1544832000,69
1544918400,112
1545004800,65
1545091200,59
1545177600,106
1545264000,64
1545350400,56
1545436800,42
1545523200,49
1545609600,23
1545696000,34
1545782400,23
1545868800,53
1545955200,43
1546041600,18
1546128000,63
1546214400,56
1546300800,52
1546387200,82
1546473600,95
1546560000,114
1546646400,67
1546732800,109
1546819200,50
1546905600,66
1546992000,125
1547078400,144
1547164800,79
1547251200,84
1547337600,56
1547424000,56
1547510400,155
1547596800,107
1547683200,64
1547769600,100
1547856000,90
1547942400,88
1548028800,115
1548115200,60
1548201600,109
1548288000,81
1548374400,96
1548460800,27
1548547200,131
1548633600,197
1548720000,54
1548806400,120
1548892800,244
1548979200,79
1549065600,37
1549152000,55
1549238400,103
1549324800,103
1549411200,149
1549497600,102
1549584000,147
1549670400,62
1549756800,66
1549843200,49
1549929600,67
1550016000,88
1550102400,48
1550188800,132
1550275200,80
1550361600,58
1550448000,78
1550534400,64
1550620800,91
1550707200,55
1550793600,99
1550880000,54
1550966400,183
1551052800,56
1551139200,68
1551225600,106
1551312000,129
1551398400,105
1551484800,59
1551571200,93
1551657600,77
1551744000,92
1551830400,111
1551916800,130
1552003200,127
1552089600,107
1552176000,44
1552262400,102
1552348800,81
1552435200,114
1552521600,118
1552608000,89
1552694400,53
1552780800,70
1552867200,127
1552953600,104
1553040000,77
1553126400,186
1553212800,83
1553299200,66
1553385600,67
1553472000,128
1553558400,110
1553644800,159
1553731200,154
1553817600,125
1553904000,63
1553990400,95
1554076800,61
1554163200,79
1554249600,57
1554336000,75
1554422400,65
1554508800,43
1554595200,33
1554681600,119
1554768000,88
1554854400,135
1554940800,91
1555027200,73
1555113600,78
1555200000,48
1555286400,71
1555372800,63
1555459200,91
1555545600,123
1555632000,122
1555718400,65
1555804800,41
1555891200,72
1555977600,96
1556064000,68
1556150400,44
1556236800,88
1556323200,74
1556409600,33
1556496000,80
1556582400,67
1556668800,54
1556755200,63
1556841600,135
1556928000,84
1557014400,105
1557100800,40
1557187200,99
1557273600,105
1557360000,95
1557446400,75
1557532800,51
1557619200,29
1557705600,74
1557792000,69
1557878400,64
1557964800,84
1558051200,120
1558137600,85
1558224000,54
1558310400,52
1558396800,39
1558483200,73
1558569600,101
1558656000,103
1558742400,64
1558828800,85
1558915200,48
1559001600,120
1559088000,120
1559174400,83
1559260800,72
1559347200,47
1559433600,39
1559520000,70
1559606400,71
1559692800,96
1559779200,182
1559865600,84
1559952000,54
1560038400,42
1560124800,77
1560211200,60
1560297600,111
1560384000,128
1560470400,49
1560556800,39
1560643200,53
1560729600,70
1560816000,77
1560902400,122
1560988800,135
1561075200,91
1561161600,42
1561248000,53
1561334400,142
1561420800,93
1561507200,124
1561593600,105
1561680000,135
1561766400,41
1561852800,44
1561939200,79
1562025600,50
1562112000,108
1562198400,81
1562284800,68
1562371200,63
1562457600,88
1562544000,80
1562630400,114
1562716800,139
1562803200,83
1562889600,98
1562976000,74
1563062400,37
1563148800,96
1563235200,141
1563321600,156
1563408000,197
1563494400,105
1563580800,93
1563667200,60
1563753600,111
1563840000,157
1563926400,128
1564012800,128
1564099200,87
1564185600,73
1564272000,41
1564358400,88
1564444800,120
1564531200,131
1564617600,137
1564704000,86
1564790400,78
1564876800,44
1564963200,93
1565049600,88
1565136000,187
1565222400,80
1565308800,74
1565395200,37
1565481600,127
1565568000,138
1565654400,103
1565740800,125
1565827200,106
1565913600,143
1566000000,137
1566086400,77
1566172800,102
1566259200,200
1566345600,87
1566432000,89
1566518400,73
1566604800,91
1566691200,65
1566777600,106
1566864000,58
1566950400,89
1567036800,110
1567123200,124
1567209600,138
1567296000,155
1567382400,126
1567468800,88
1567555200,125
1567641600,200
1567728000,129
1567814400,121
1567900800,48
1567987200,77
1568073600,82
1568160000,125
1568246400,84
1568332800,57
1568419200,59
1568505600,90
1568592000,84
1568678400,75
1568764800,87
1568851200,130
1568937600,97
1569024000,140
1569110400,87
1569196800,153
1569283200,151
1569369600,195
1569456000,310
1569542400,132
1569628800,327
1569715200,145
1569801600,247
1569888000,175
1569974400,262
1570060800,270
1570147200,234
1570233600,150
1570320000,124
1570406400,186
1570492800,221
1570579200,280
1570665600,887
1570752000,303
1570838400,258
1570924800,166
1571011200,143
1571097600,116
1571184000,246
1571270400,167
1571356800,110
1571443200,215
1571529600,133
1571616000,263
1571702400,254
1571788800,246
1571875200,342
1571961600,433
1572048000,395
1572134400,100
1572220800,460
1572307200,284
1572393600,302
1572480000,245
1572566400,366
1572652800,271
1572739200,131
1572825600,363
1572912000,261
1572998400,200
1573084800,212
1573171200,235
1573257600,132
1573344000,108
1573430400,233
1573516800,158
1573603200,202
1573689600,242
1573776000,292
1573862400,370
1573948800,140
1574035200,345
1574121600,307
1574208000,146
1574294400,152
1574380800,171
1574467200,83
1574553600,129
1574640000,166
1574726400,171
1574812800,164
1574899200,196
1574985600,122
1575072000,128
1575158400,100
1575244800,169
1575331200,131
1575417600,154
1575504000,151
1575590400,152
1575676800,173
1575763200,124
1575849600,150
1575936000,146
1576022400,131
1576108800,90
1576195200,120
1576281600,75
1576368000,119
1576454400,148
1576540800,135
1576627200,291
1576713600,127
1576800000,168
1576886400,138
1576972800,115
1577059200,121
1577145600,123
1577232000,50
1577318400,178
1577404800,89
1577491200,87
1577577600,109
1577664000,130
1577750400,154
1577836800,62
1577923200,108
1578009600,129
1578096000,99
1578182400,72
1578268800,75
1578355200,90
1578441600,160
1578528000,81
1578614400,208
1578700800,112
1578787200,155
1578873600,141
1578960000,102
1579046400,160
1579132800,139
1579219200,210
1579305600,262
1579392000,183
1579478400,269
1579564800,250
1579651200,141
1579737600,351
1579824000,243
1579910400,155
1579996800,177
1580083200,140
1580169600,169
1580256000,143
1580342400,173
1580428800,89
1580515200,86
1580601600,57
1580688000,123
1580774400,85
1580860800,84
1580947200,142
1581033600,98
1581120000,123
1581206400,102
1581292800,134
1581379200,113
1581465600,210
1581552000,109
1581638400,93
1581724800,130
1581811200,162
1581897600,87
1581984000,152
1582070400,126
1582156800,124
1582243200,189
1582329600,105
1582416000,76
1582502400,126
1582588800,180
1582675200,177
1582761600,92
1582848000,103
1582934400,85
1583020800,107
1583107200,70
1583193600,73
1583280000,66
1583366400,90
1583452800,194
1583539200,98
1583625600,122
1583712000,131
1583798400,152
1583884800,154
1583971200,132
1584057600,163
1584144000,83
1584230400,102
1584316800,119
1584403200,171
1584489600,135
1584576000,94
1584662400,103
1584748800,135
1584835200,129
1584921600,137
1585008000,163
1585094400,69
1585180800,107
1585267200,108
1585353600,106
1585440000,129
1585526400,129
1585612800,76
1585699200,129
1585785600,92
1585872000,104
1585958400,155
1586044800,143
1586131200,188
1586217600,321
1586304000,182
1586390400,152
1586476800,166
1586563200,197
1586649600,148
1586736000,143
1586822400,234
1586908800,144
1586995200,148
1587081600,176
1587168000,128
1587254400,150
1587340800,177
1587427200,229
1587513600,189
1587600000,146
1587686400,108
1587772800,79
1587859200,193
1587945600,202
1588032000,166
1588118400,247
1588204800,101
1588291200,127
1588377600,129
1588464000,124
1588550400,142
1588636800,224
1588723200,194
1588809600,201
1588896000,175
1588982400,119
1589068800,101
1589155200,108
1589241600,101
1589328000,147
1589414400,131
1589500800,103
1589587200,118
1589673600,83
1589760000,93
1589846400,125
1589932800,140
1590019200,113
1590105600,140
1590192000,120
1590278400,71
1590364800,116
1590451200,150
1590537600,96
1590624000,129
1590710400,126
1590796800,165
1590883200,141
1590969600,144
1591056000,202
1591142400,95
1591228800,106
1591315200,147
1591401600,157
1591488000,110
1591574400,107
1591660800,113
1591747200,91
1591833600,92
1591920000,106
1592006400,121
1592092800,86
1592179200,145
1592265600,130
1592352000,131
1592438400,200
1592524800,143
1592611200,55
1592697600,108
1592784000,181
1592870400,158
1592956800,177
1593043200,108
1593129600,112
1593216000,148
1593302400,147
1593388800,239
1593475200,209
1593561600,85
1593648000,114
1593734400,115
1593820800,129
1593907200,123
1593993600,118
1594080000,191
1594166400,151
1594252800,121
1594339200,265
1594425600,131
1594512000,122
1594598400,139
1594684800,93
1594771200,115
1594857600,90
1594944000,113
1595030400,103
1595116800,81
1595203200,161
1595289600,136
1595376000,143
1595462400,111
1595548800,178
1595635200,142
1595721600,98
1595808000,141
1595894400,170
1595980800,154
1596067200,126
1596153600,149
1596240000,111
1596326400,134
1596412800,143
1596499200,185
1596585600,138
1596672000,116
1596758400,186
1596844800,143
1596931200,98
1597017600,102
1597104000,102
1597190400,117
1597276800,94
1597363200,131
1597449600,148
1597536000,93
1597622400,184
1597708800,90
1597795200,111
1597881600,129
1597968000,140
1598054400,237
1598140800,107
1598227200,138
1598313600,129
1598400000,127
1598486400,140
1598572800,127
1598659200,117
1598745600,107
1598832000,107
1598918400,77
1599004800,109
1599091200,114
1599177600,108
1599264000,91
1599350400,108
1599436800,87
1599523200,169
1599609600,108
1599696000,136
1599782400,71
1599868800,75
1599955200,88
1600041600,66
1600128000,160
1600214400,201
1600300800,94
1600387200,97
1600473600,81
1600560000,66
1600646400,107
1600732800,65
1600819200,157
1600905600,144
1600992000,122
1601078400,84
1601164800,122
1601251200,137
1601337600,155
1601424000,189
1601510400,106
1601596800,151
1601683200,131
1601769600,116
1601856000,152
1601942400,149
1602028800,154
1602115200,176
1602201600,148
1602288000,136
1602374400,118
1602460800,147
1602547200,145
1602633600,204
1602720000,214
1602806400,278
1602892800,153
1602979200,178
1603065600,184
1603152000,197
1603238400,195
1603324800,203
1603411200,165
1603497600,158
1603584000,140
1603670400,194
1603756800,132
1603843200,165
1603929600,228
1604016000,172
1604102400,160
1604188800,75
1604275200,204
1604361600,191
1604448000,155
1604534400,202
1604620800,146
1604707200,90
1604793600,125
1604880000,181
1604966400,170
1605052800,104
1605139200,143
1605225600,177
1605312000,122
1605398400,141
1605484800,71
1605571200,92
1605657600,127
1605744000,169
1605830400,105
1605916800,68
1606003200,97
1606089600,167
1606176000,107
1606262400,138
1606348800,167
1606435200,139
1606521600,99
1606608000,189
1606694400,107
1606780800,165
1606867200,142
1606953600,183
1607040000,127
1607126400,118
1607212800,61
1607299200,112
1607385600,140
1607472000,151
1607558400,163
1607644800,152
1607731200,100
1607817600,137
1607904000,114
1607990400,142
1608076800,134
1608163200,161
1608249600,77
1608336000,122
1608422400,181
1608508800,144
1608595200,106
1608681600,163
1608768000,83
1608854400,92
1608940800,107
1609027200,111
1609113600,92
1609200000,122
1609286400,307
1609372800,133
1609459200,251
1609545600,112
1609632000,65
1609718400,140
1609804800,144
1609891200,124
1609977600,125
1610064000,138
1610150400,79
1610236800,148
1610323200,164
1610409600,127
1610496000,170
1610582400,137
1610668800,78
1610755200,107
1610841600,54
1610928000,129
1611014400,85
1611100800,177
1611187200,134
1611273600,190
1611360000,153
1611446400,117
1611532800,195
1611619200,295
1611705600,188
1611792000,161
1611878400,250
1611964800,181
1612051200,70
1612137600,364
1612224000,136
1612310400,239
1612396800,211
1612483200,154
1612569600,112
1612656000,63
1612742400,195
1612828800,225
1612915200,166
1613001600,180
1613088000,132
1613174400,91
1613260800,120
1613347200,187
1613433600,60
1613520000,95
1613606400,346
1613692800,116
1613779200,131
1613865600,80
1613952000,140
1614038400,183
1614124800,153
1614211200,186
1614297600,180
1614384000,234
1614470400,102
1614556800,375
1614643200,257
1614729600,149
1614816000,148
1614902400,176
1614988800,192
1615075200,80
1615161600,167
1615248000,218
1615334400,197
1615420800,115
1615507200,213
1615593600,138
1615680000,90
1615766400,160
1615852800,278
1615939200,314
1616025600,273
1616112000,164
1616198400,155
1616284800,83
1616371200,178
1616457600,145
1616544000,140
1616630400,114
1616716800,91
1616803200,77
1616889600,122
1616976000,102
1617062400,112
1617148800,141
1617235200,94
1617321600,159
1617408000,141
1617494400,131
1617580800,112
1617667200,163
1617753600,221
1617840000,206
1617926400,217
1618012800,115
1618099200,118
1618185600,174
1618272000,228
1618358400,185
1618444800,103
1618531200,272
1618617600,104
1618704000,54
1618790400,142
1618876800,103
1618963200,90
1619049600,106
1619136000,85
1619222400,215
1619308800,75
1619395200,248
1619481600,269
1619568000,297
1619654400,127
1619740800,127
1619827200,177
1619913600,74
1620000000,166
1620086400,115
1620172800,205
1620259200,115
1620345600,140
1620432000,136
1620518400,66
1620604800,148
1620691200,103
1620777600,220
1620864000,164
1620950400,137
1621036800,121
1621123200,130
1621209600,206
1621296000,163
1621382400,211
1621468800,160
1621555200,145
1621641600,147
1621728000,77
1621814400,248
1621900800,205
1621987200,159
1622073600,202
1622160000,128
1622246400,146
1622332800,91
1622419200,90
1622505600,211
1622592000,182
1622678400,261
1622764800,201
1622851200,112
1622937600,74
1623024000,148
1623110400,150
1623196800,102
1623283200,104
1623369600,91
1623456000,86
1623542400,64
1623628800,62
1623715200,51
1623801600,294
1623888000,146
1623974400,134
1624060800,69
1624147200,116
1624233600,69
1624320000,86
1624406400,105
1624492800,89
1624579200,112
1624665600,106
1624752000,108
1624838400,128
1624924800,115
1625011200,55
